sku_1,brand_1,pack_type_1,sku_2,brand_2,pack_type_2,bundle_category,co_occurrence_count,bundle_description
mi-006,mibrand1,multipack,mi-026,mibrand4,carton,Same-Category Bundle,3656,"mi-006 (mibrand1, multipack) + mi-026 (mibrand4, carton)"
mi-026,mibrand4,carton,yo-029,yobrand4,single,Cross-Category Bundle,3622,"mi-026 (mibrand4, carton) + yo-029 (yobrand4, single)"
mi-006,mibrand1,multipack,yo-029,yobrand4,single,Cross-Category Bundle,3564,"mi-006 (mibrand1, multipack) + yo-029 (yobrand4, single)"
mi-026,mibrand4,carton,yo-005,yobrand2,single,Cross-Category Bundle,3556,"mi-026 (mibrand4, carton) + yo-005 (yobrand2, single)"
mi-006,mibrand1,multipack,yo-005,yobrand2,single,Cross-Category Bundle,3531,"mi-006 (mibrand1, multipack) + yo-005 (yobrand2, single)"
mi-026,mibrand4,carton,re-004,rebrand1,single,Cross-Category Bundle,3519,"mi-026 (mibrand4, carton) + re-004 (rebrand1, single)"
mi-026,mibrand4,carton,yo-012,yobrand1,single,Cross-Category Bundle,3444,"mi-026 (mibrand4, carton) + yo-012 (yobrand1, single)"
yo-005,yobrand2,single,yo-029,yobrand4,single,Same-Category Bundle,3434,"yo-005 (yobrand2, single) + yo-029 (yobrand4, single)"
mi-006,mibrand1,multipack,yo-001,yobrand3,single,Cross-Category Bundle,3425,"mi-006 (mibrand1, multipack) + yo-001 (yobrand3, single)"
mi-026,mibrand4,carton,yo-014,yobrand4,carton,Cross-Category Bundle,3424,"mi-026 (mibrand4, carton) + yo-014 (yobrand4, carton)"
mi-006,mibrand1,multipack,yo-014,yobrand4,carton,Cross-Category Bundle,3405,"mi-006 (mibrand1, multipack) + yo-014 (yobrand4, carton)"
mi-006,mibrand1,multipack,yo-012,yobrand1,single,Cross-Category Bundle,3381,"mi-006 (mibrand1, multipack) + yo-012 (yobrand1, single)"
mi-026,mibrand4,carton,re-015,rebrand4,multipack,Cross-Category Bundle,3353,"mi-026 (mibrand4, carton) + re-015 (rebrand4, multipack)"
yo-012,yobrand1,single,yo-029,yobrand4,single,Same-Category Bundle,3349,"yo-012 (yobrand1, single) + yo-029 (yobrand4, single)"
mi-026,mibrand4,carton,yo-001,yobrand3,single,Cross-Category Bundle,3348,"mi-026 (mibrand4, carton) + yo-001 (yobrand3, single)"
yo-014,yobrand4,carton,yo-029,yobrand4,single,Same-Category Bundle,3334,"yo-014 (yobrand4, carton) + yo-029 (yobrand4, single)"
mi-026,mibrand4,carton,re-007,rebrand4,single,Cross-Category Bundle,3321,"mi-026 (mibrand4, carton) + re-007 (rebrand4, single)"
mi-006,mibrand1,multipack,re-004,rebrand1,single,Cross-Category Bundle,3307,"mi-006 (mibrand1, multipack) + re-004 (rebrand1, single)"
yo-001,yobrand3,single,yo-029,yobrand4,single,Same-Category Bundle,3306,"yo-001 (yobrand3, single) + yo-029 (yobrand4, single)"
ju-021,jubrand3,single,mi-026,mibrand4,carton,Cross-Category Bundle,3302,"ju-021 (jubrand3, single) + mi-026 (mibrand4, carton)"
mi-006,mibrand1,multipack,re-007,rebrand4,single,Cross-Category Bundle,3299,"mi-006 (mibrand1, multipack) + re-007 (rebrand4, single)"
re-004,rebrand1,single,yo-029,yobrand4,single,Cross-Category Bundle,3279,"re-004 (rebrand1, single) + yo-029 (yobrand4, single)"
yo-005,yobrand2,single,yo-014,yobrand4,carton,Same-Category Bundle,3278,"yo-005 (yobrand2, single) + yo-014 (yobrand4, carton)"
mi-006,mibrand1,multipack,re-015,rebrand4,multipack,Cross-Category Bundle,3276,"mi-006 (mibrand1, multipack) + re-015 (rebrand4, multipack)"
yo-005,yobrand2,single,yo-012,yobrand1,single,Same-Category Bundle,3264,"yo-005 (yobrand2, single) + yo-012 (yobrand1, single)"
re-004,rebrand1,single,yo-012,yobrand1,single,Cross-Category Bundle,3230,"re-004 (rebrand1, single) + yo-012 (yobrand1, single)"
re-007,rebrand4,single,yo-029,yobrand4,single,Cross-Category Bundle,3221,"re-007 (rebrand4, single) + yo-029 (yobrand4, single)"
re-015,rebrand4,multipack,yo-029,yobrand4,single,Cross-Category Bundle,3221,"re-015 (rebrand4, multipack) + yo-029 (yobrand4, single)"
re-004,rebrand1,single,yo-005,yobrand2,single,Cross-Category Bundle,3212,"re-004 (rebrand1, single) + yo-005 (yobrand2, single)"
yo-012,yobrand1,single,yo-014,yobrand4,carton,Same-Category Bundle,3211,"yo-012 (yobrand1, single) + yo-014 (yobrand4, carton)"
mi-006,mibrand1,multipack,mi-023,mibrand3,carton,Same-Category Bundle,3199,"mi-006 (mibrand1, multipack) + mi-023 (mibrand3, carton)"
re-004,rebrand1,single,yo-014,yobrand4,carton,Cross-Category Bundle,3187,"re-004 (rebrand1, single) + yo-014 (yobrand4, carton)"
re-015,rebrand4,multipack,yo-005,yobrand2,single,Cross-Category Bundle,3175,"re-015 (rebrand4, multipack) + yo-005 (yobrand2, single)"
re-004,rebrand1,single,yo-001,yobrand3,single,Cross-Category Bundle,3169,"re-004 (rebrand1, single) + yo-001 (yobrand3, single)"
re-007,rebrand4,single,yo-001,yobrand3,single,Cross-Category Bundle,3166,"re-007 (rebrand4, single) + yo-001 (yobrand3, single)"
re-007,rebrand4,single,yo-014,yobrand4,carton,Cross-Category Bundle,3162,"re-007 (rebrand4, single) + yo-014 (yobrand4, carton)"
re-015,rebrand4,multipack,yo-014,yobrand4,carton,Cross-Category Bundle,3158,"re-015 (rebrand4, multipack) + yo-014 (yobrand4, carton)"
yo-001,yobrand3,single,yo-012,yobrand1,single,Same-Category Bundle,3155,"yo-001 (yobrand3, single) + yo-012 (yobrand1, single)"
mi-023,mibrand3,carton,mi-026,mibrand4,carton,Same-Category Bundle,3141,"mi-023 (mibrand3, carton) + mi-026 (mibrand4, carton)"
mi-023,mibrand3,carton,yo-029,yobrand4,single,Cross-Category Bundle,3121,"mi-023 (mibrand3, carton) + yo-029 (yobrand4, single)"
re-004,rebrand1,single,re-007,rebrand4,single,Same-Category Bundle,3120,"re-004 (rebrand1, single) + re-007 (rebrand4, single)"
re-007,rebrand4,single,yo-012,yobrand1,single,Cross-Category Bundle,3115,"re-007 (rebrand4, single) + yo-012 (yobrand1, single)"
mi-006,mibrand1,multipack,yo-009,yobrand4,multipack,Cross-Category Bundle,3113,"mi-006 (mibrand1, multipack) + yo-009 (yobrand4, multipack)"
ju-021,jubrand3,single,mi-006,mibrand1,multipack,Cross-Category Bundle,3111,"ju-021 (jubrand3, single) + mi-006 (mibrand1, multipack)"
ju-021,jubrand3,single,yo-029,yobrand4,single,Cross-Category Bundle,3111,"ju-021 (jubrand3, single) + yo-029 (yobrand4, single)"
yo-001,yobrand3,single,yo-014,yobrand4,carton,Same-Category Bundle,3110,"yo-001 (yobrand3, single) + yo-014 (yobrand4, carton)"
re-015,rebrand4,multipack,yo-012,yobrand1,single,Cross-Category Bundle,3105,"re-015 (rebrand4, multipack) + yo-012 (yobrand1, single)"
re-004,rebrand1,single,re-015,rebrand4,multipack,Same-Category Bundle,3096,"re-004 (rebrand1, single) + re-015 (rebrand4, multipack)"
mi-026,mibrand4,carton,yo-009,yobrand4,multipack,Cross-Category Bundle,3083,"mi-026 (mibrand4, carton) + yo-009 (yobrand4, multipack)"
mi-023,mibrand3,carton,yo-005,yobrand2,single,Cross-Category Bundle,3070,"mi-023 (mibrand3, carton) + yo-005 (yobrand2, single)"
re-015,rebrand4,multipack,yo-001,yobrand3,single,Cross-Category Bundle,3037,"re-015 (rebrand4, multipack) + yo-001 (yobrand3, single)"
re-007,rebrand4,single,yo-005,yobrand2,single,Cross-Category Bundle,3031,"re-007 (rebrand4, single) + yo-005 (yobrand2, single)"
mi-023,mibrand3,carton,yo-001,yobrand3,single,Cross-Category Bundle,3028,"mi-023 (mibrand3, carton) + yo-001 (yobrand3, single)"
mi-023,mibrand3,carton,yo-012,yobrand1,single,Cross-Category Bundle,3026,"mi-023 (mibrand3, carton) + yo-012 (yobrand1, single)"
yo-009,yobrand4,multipack,yo-029,yobrand4,single,Same-Category Bundle,3014,"yo-009 (yobrand4, multipack) + yo-029 (yobrand4, single)"
re-007,rebrand4,single,re-015,rebrand4,multipack,Same-Category Bundle,3013,"re-007 (rebrand4, single) + re-015 (rebrand4, multipack)"
ju-021,jubrand3,single,yo-005,yobrand2,single,Cross-Category Bundle,2999,"ju-021 (jubrand3, single) + yo-005 (yobrand2, single)"
yo-005,yobrand2,single,yo-009,yobrand4,multipack,Same-Category Bundle,2994,"yo-005 (yobrand2, single) + yo-009 (yobrand4, multipack)"
mi-023,mibrand3,carton,yo-014,yobrand4,carton,Cross-Category Bundle,2988,"mi-023 (mibrand3, carton) + yo-014 (yobrand4, carton)"
mi-006,mibrand1,multipack,sn-027,snbrand2,single,Cross-Category Bundle,2969,"mi-006 (mibrand1, multipack) + sn-027 (snbrand2, single)"
ju-021,jubrand3,single,yo-014,yobrand4,carton,Cross-Category Bundle,2951,"ju-021 (jubrand3, single) + yo-014 (yobrand4, carton)"
mi-023,mibrand3,carton,re-015,rebrand4,multipack,Cross-Category Bundle,2915,"mi-023 (mibrand3, carton) + re-015 (rebrand4, multipack)"
mi-023,mibrand3,carton,re-007,rebrand4,single,Cross-Category Bundle,2915,"mi-023 (mibrand3, carton) + re-007 (rebrand4, single)"
ju-021,jubrand3,single,re-004,rebrand1,single,Cross-Category Bundle,2914,"ju-021 (jubrand3, single) + re-004 (rebrand1, single)"
ju-021,jubrand3,single,yo-012,yobrand1,single,Cross-Category Bundle,2914,"ju-021 (jubrand3, single) + yo-012 (yobrand1, single)"
ju-021,jubrand3,single,yo-001,yobrand3,single,Cross-Category Bundle,2903,"ju-021 (jubrand3, single) + yo-001 (yobrand3, single)"
mi-023,mibrand3,carton,re-004,rebrand1,single,Cross-Category Bundle,2892,"mi-023 (mibrand3, carton) + re-004 (rebrand1, single)"
mi-026,mibrand4,carton,yo-003,yobrand1,multipack,Cross-Category Bundle,2879,"mi-026 (mibrand4, carton) + yo-003 (yobrand1, multipack)"
mi-022,mibrand3,carton,mi-026,mibrand4,carton,Same-Category Bundle,2872,"mi-022 (mibrand3, carton) + mi-026 (mibrand4, carton)"
sn-027,snbrand2,single,yo-029,yobrand4,single,Cross-Category Bundle,2864,"sn-027 (snbrand2, single) + yo-029 (yobrand4, single)"
yo-009,yobrand4,multipack,yo-012,yobrand1,single,Same-Category Bundle,2860,"yo-009 (yobrand4, multipack) + yo-012 (yobrand1, single)"
mi-006,mibrand1,multipack,mi-022,mibrand3,carton,Same-Category Bundle,2837,"mi-006 (mibrand1, multipack) + mi-022 (mibrand3, carton)"
mi-026,mibrand4,carton,sn-027,snbrand2,single,Cross-Category Bundle,2827,"mi-026 (mibrand4, carton) + sn-027 (snbrand2, single)"
mi-026,mibrand4,carton,re-025,rebrand2,carton,Cross-Category Bundle,2818,"mi-026 (mibrand4, carton) + re-025 (rebrand2, carton)"
ju-021,jubrand3,single,mi-023,mibrand3,carton,Cross-Category Bundle,2816,"ju-021 (jubrand3, single) + mi-023 (mibrand3, carton)"
mi-006,mibrand1,multipack,yo-003,yobrand1,multipack,Cross-Category Bundle,2813,"mi-006 (mibrand1, multipack) + yo-003 (yobrand1, multipack)"
ju-021,jubrand3,single,re-007,rebrand4,single,Cross-Category Bundle,2808,"ju-021 (jubrand3, single) + re-007 (rebrand4, single)"
ju-021,jubrand3,single,re-015,rebrand4,multipack,Cross-Category Bundle,2807,"ju-021 (jubrand3, single) + re-015 (rebrand4, multipack)"
yo-001,yobrand3,single,yo-009,yobrand4,multipack,Same-Category Bundle,2800,"yo-001 (yobrand3, single) + yo-009 (yobrand4, multipack)"
mi-026,mibrand4,carton,yo-016,yobrand3,single,Cross-Category Bundle,2799,"mi-026 (mibrand4, carton) + yo-016 (yobrand3, single)"
re-015,rebrand4,multipack,yo-009,yobrand4,multipack,Cross-Category Bundle,2794,"re-015 (rebrand4, multipack) + yo-009 (yobrand4, multipack)"
yo-009,yobrand4,multipack,yo-014,yobrand4,carton,Same-Category Bundle,2791,"yo-009 (yobrand4, multipack) + yo-014 (yobrand4, carton)"
re-004,rebrand1,single,yo-009,yobrand4,multipack,Cross-Category Bundle,2791,"re-004 (rebrand1, single) + yo-009 (yobrand4, multipack)"
re-025,rebrand2,carton,yo-029,yobrand4,single,Cross-Category Bundle,2761,"re-025 (rebrand2, carton) + yo-029 (yobrand4, single)"
sn-027,snbrand2,single,yo-012,yobrand1,single,Cross-Category Bundle,2750,"sn-027 (snbrand2, single) + yo-012 (yobrand1, single)"
re-007,rebrand4,single,sn-027,snbrand2,single,Cross-Category Bundle,2749,"re-007 (rebrand4, single) + sn-027 (snbrand2, single)"
yo-003,yobrand1,multipack,yo-029,yobrand4,single,Same-Category Bundle,2749,"yo-003 (yobrand1, multipack) + yo-029 (yobrand4, single)"
re-007,rebrand4,single,yo-009,yobrand4,multipack,Cross-Category Bundle,2748,"re-007 (rebrand4, single) + yo-009 (yobrand4, multipack)"
mi-022,mibrand3,carton,yo-012,yobrand1,single,Cross-Category Bundle,2716,"mi-022 (mibrand3, carton) + yo-012 (yobrand1, single)"
mi-022,mibrand3,carton,yo-005,yobrand2,single,Cross-Category Bundle,2712,"mi-022 (mibrand3, carton) + yo-005 (yobrand2, single)"
re-004,rebrand1,single,yo-003,yobrand1,multipack,Cross-Category Bundle,2712,"re-004 (rebrand1, single) + yo-003 (yobrand1, multipack)"
mi-006,mibrand1,multipack,yo-016,yobrand3,single,Cross-Category Bundle,2707,"mi-006 (mibrand1, multipack) + yo-016 (yobrand3, single)"
yo-003,yobrand1,multipack,yo-014,yobrand4,carton,Same-Category Bundle,2706,"yo-003 (yobrand1, multipack) + yo-014 (yobrand4, carton)"
mi-006,mibrand1,multipack,re-025,rebrand2,carton,Cross-Category Bundle,2700,"mi-006 (mibrand1, multipack) + re-025 (rebrand2, carton)"
sn-027,snbrand2,single,yo-001,yobrand3,single,Cross-Category Bundle,2695,"sn-027 (snbrand2, single) + yo-001 (yobrand3, single)"
mi-022,mibrand3,carton,yo-014,yobrand4,carton,Cross-Category Bundle,2694,"mi-022 (mibrand3, carton) + yo-014 (yobrand4, carton)"
re-004,rebrand1,single,sn-027,snbrand2,single,Cross-Category Bundle,2688,"re-004 (rebrand1, single) + sn-027 (snbrand2, single)"
sn-027,snbrand2,single,yo-005,yobrand2,single,Cross-Category Bundle,2678,"sn-027 (snbrand2, single) + yo-005 (yobrand2, single)"
mi-022,mibrand3,carton,re-007,rebrand4,single,Cross-Category Bundle,2676,"mi-022 (mibrand3, carton) + re-007 (rebrand4, single)"
mi-022,mibrand3,carton,yo-001,yobrand3,single,Cross-Category Bundle,2670,"mi-022 (mibrand3, carton) + yo-001 (yobrand3, single)"
mi-022,mibrand3,carton,yo-029,yobrand4,single,Cross-Category Bundle,2665,"mi-022 (mibrand3, carton) + yo-029 (yobrand4, single)"
sn-027,snbrand2,single,yo-014,yobrand4,carton,Cross-Category Bundle,2663,"sn-027 (snbrand2, single) + yo-014 (yobrand4, carton)"
yo-016,yobrand3,single,yo-029,yobrand4,single,Same-Category Bundle,2655,"yo-016 (yobrand3, single) + yo-029 (yobrand4, single)"
mi-023,mibrand3,carton,yo-009,yobrand4,multipack,Cross-Category Bundle,2648,"mi-023 (mibrand3, carton) + yo-009 (yobrand4, multipack)"
mi-022,mibrand3,carton,re-004,rebrand1,single,Cross-Category Bundle,2647,"mi-022 (mibrand3, carton) + re-004 (rebrand1, single)"
ju-021,jubrand3,single,yo-009,yobrand4,multipack,Cross-Category Bundle,2633,"ju-021 (jubrand3, single) + yo-009 (yobrand4, multipack)"
sn-010,snbrand2,carton,yo-029,yobrand4,single,Cross-Category Bundle,2632,"sn-010 (snbrand2, carton) + yo-029 (yobrand4, single)"
mi-026,mibrand4,carton,sn-010,snbrand2,carton,Cross-Category Bundle,2626,"mi-026 (mibrand4, carton) + sn-010 (snbrand2, carton)"
mi-006,mibrand1,multipack,re-017,rebrand2,multipack,Cross-Category Bundle,2625,"mi-006 (mibrand1, multipack) + re-017 (rebrand2, multipack)"
re-025,rebrand2,carton,yo-005,yobrand2,single,Cross-Category Bundle,2623,"re-025 (rebrand2, carton) + yo-005 (yobrand2, single)"
mi-026,mibrand4,carton,re-017,rebrand2,multipack,Cross-Category Bundle,2622,"mi-026 (mibrand4, carton) + re-017 (rebrand2, multipack)"
re-007,rebrand4,single,yo-003,yobrand1,multipack,Cross-Category Bundle,2620,"re-007 (rebrand4, single) + yo-003 (yobrand1, multipack)"
re-015,rebrand4,multipack,yo-003,yobrand1,multipack,Cross-Category Bundle,2614,"re-015 (rebrand4, multipack) + yo-003 (yobrand1, multipack)"
ju-021,jubrand3,single,sn-027,snbrand2,single,Cross-Category Bundle,2610,"ju-021 (jubrand3, single) + sn-027 (snbrand2, single)"
re-004,rebrand1,single,re-025,rebrand2,carton,Same-Category Bundle,2609,"re-004 (rebrand1, single) + re-025 (rebrand2, carton)"
re-025,rebrand2,carton,yo-014,yobrand4,carton,Cross-Category Bundle,2600,"re-025 (rebrand2, carton) + yo-014 (yobrand4, carton)"
mi-006,mibrand1,multipack,sn-010,snbrand2,carton,Cross-Category Bundle,2582,"mi-006 (mibrand1, multipack) + sn-010 (snbrand2, carton)"
re-025,rebrand2,carton,yo-012,yobrand1,single,Cross-Category Bundle,2577,"re-025 (rebrand2, carton) + yo-012 (yobrand1, single)"
yo-003,yobrand1,multipack,yo-012,yobrand1,single,Same-Category Bundle,2575,"yo-003 (yobrand1, multipack) + yo-012 (yobrand1, single)"
mi-023,mibrand3,carton,sn-027,snbrand2,single,Cross-Category Bundle,2574,"mi-023 (mibrand3, carton) + sn-027 (snbrand2, single)"
mi-023,mibrand3,carton,yo-003,yobrand1,multipack,Cross-Category Bundle,2560,"mi-023 (mibrand3, carton) + yo-003 (yobrand1, multipack)"
re-015,rebrand4,multipack,sn-027,snbrand2,single,Cross-Category Bundle,2551,"re-015 (rebrand4, multipack) + sn-027 (snbrand2, single)"
sn-010,snbrand2,carton,yo-005,yobrand2,single,Cross-Category Bundle,2548,"sn-010 (snbrand2, carton) + yo-005 (yobrand2, single)"
re-004,rebrand1,single,yo-016,yobrand3,single,Cross-Category Bundle,2548,"re-004 (rebrand1, single) + yo-016 (yobrand3, single)"
mi-022,mibrand3,carton,re-015,rebrand4,multipack,Cross-Category Bundle,2539,"mi-022 (mibrand3, carton) + re-015 (rebrand4, multipack)"
sn-010,snbrand2,carton,yo-001,yobrand3,single,Cross-Category Bundle,2537,"sn-010 (snbrand2, carton) + yo-001 (yobrand3, single)"
sn-027,snbrand2,single,yo-009,yobrand4,multipack,Cross-Category Bundle,2519,"sn-027 (snbrand2, single) + yo-009 (yobrand4, multipack)"
mi-022,mibrand3,carton,mi-023,mibrand3,carton,Same-Category Bundle,2519,"mi-022 (mibrand3, carton) + mi-023 (mibrand3, carton)"
yo-014,yobrand4,carton,yo-016,yobrand3,single,Same-Category Bundle,2519,"yo-014 (yobrand4, carton) + yo-016 (yobrand3, single)"
mi-026,mibrand4,carton,sn-013,snbrand3,multipack,Cross-Category Bundle,2513,"mi-026 (mibrand4, carton) + sn-013 (snbrand3, multipack)"
re-007,rebrand4,single,re-025,rebrand2,carton,Same-Category Bundle,2504,"re-007 (rebrand4, single) + re-025 (rebrand2, carton)"
yo-012,yobrand1,single,yo-016,yobrand3,single,Same-Category Bundle,2504,"yo-012 (yobrand1, single) + yo-016 (yobrand3, single)"
ju-021,jubrand3,single,mi-022,mibrand3,carton,Cross-Category Bundle,2502,"ju-021 (jubrand3, single) + mi-022 (mibrand3, carton)"
re-015,rebrand4,multipack,re-025,rebrand2,carton,Same-Category Bundle,2501,"re-015 (rebrand4, multipack) + re-025 (rebrand2, carton)"
mi-026,mibrand4,carton,yo-020,yobrand3,single,Cross-Category Bundle,2492,"mi-026 (mibrand4, carton) + yo-020 (yobrand3, single)"
re-004,rebrand1,single,re-017,rebrand2,multipack,Same-Category Bundle,2491,"re-004 (rebrand1, single) + re-017 (rebrand2, multipack)"
re-025,rebrand2,carton,yo-001,yobrand3,single,Cross-Category Bundle,2486,"re-025 (rebrand2, carton) + yo-001 (yobrand3, single)"
mi-023,mibrand3,carton,re-025,rebrand2,carton,Cross-Category Bundle,2484,"mi-023 (mibrand3, carton) + re-025 (rebrand2, carton)"
re-007,rebrand4,single,yo-016,yobrand3,single,Cross-Category Bundle,2484,"re-007 (rebrand4, single) + yo-016 (yobrand3, single)"
sn-010,snbrand2,carton,yo-012,yobrand1,single,Cross-Category Bundle,2477,"sn-010 (snbrand2, carton) + yo-012 (yobrand1, single)"
ju-021,jubrand3,single,yo-003,yobrand1,multipack,Cross-Category Bundle,2477,"ju-021 (jubrand3, single) + yo-003 (yobrand1, multipack)"
sn-013,snbrand3,multipack,yo-029,yobrand4,single,Cross-Category Bundle,2468,"sn-013 (snbrand3, multipack) + yo-029 (yobrand4, single)"
re-004,rebrand1,single,sn-010,snbrand2,carton,Cross-Category Bundle,2460,"re-004 (rebrand1, single) + sn-010 (snbrand2, carton)"
yo-005,yobrand2,single,yo-016,yobrand3,single,Same-Category Bundle,2459,"yo-005 (yobrand2, single) + yo-016 (yobrand3, single)"
yo-001,yobrand3,single,yo-016,yobrand3,single,Same-Category Bundle,2459,"yo-001 (yobrand3, single) + yo-016 (yobrand3, single)"
re-017,rebrand2,multipack,yo-014,yobrand4,carton,Cross-Category Bundle,2451,"re-017 (rebrand2, multipack) + yo-014 (yobrand4, carton)"
re-017,rebrand2,multipack,yo-029,yobrand4,single,Cross-Category Bundle,2449,"re-017 (rebrand2, multipack) + yo-029 (yobrand4, single)"
mi-006,mibrand1,multipack,yo-020,yobrand3,single,Cross-Category Bundle,2440,"mi-006 (mibrand1, multipack) + yo-020 (yobrand3, single)"
re-015,rebrand4,multipack,yo-016,yobrand3,single,Cross-Category Bundle,2433,"re-015 (rebrand4, multipack) + yo-016 (yobrand3, single)"
re-007,rebrand4,single,re-017,rebrand2,multipack,Same-Category Bundle,2429,"re-007 (rebrand4, single) + re-017 (rebrand2, multipack)"
mi-022,mibrand3,carton,yo-009,yobrand4,multipack,Cross-Category Bundle,2410,"mi-022 (mibrand3, carton) + yo-009 (yobrand4, multipack)"
mi-006,mibrand1,multipack,sn-013,snbrand3,multipack,Cross-Category Bundle,2408,"mi-006 (mibrand1, multipack) + sn-013 (snbrand3, multipack)"
sn-010,snbrand2,carton,yo-014,yobrand4,carton,Cross-Category Bundle,2400,"sn-010 (snbrand2, carton) + yo-014 (yobrand4, carton)"
re-017,rebrand2,multipack,yo-012,yobrand1,single,Cross-Category Bundle,2399,"re-017 (rebrand2, multipack) + yo-012 (yobrand1, single)"
yo-020,yobrand3,single,yo-029,yobrand4,single,Same-Category Bundle,2396,"yo-020 (yobrand3, single) + yo-029 (yobrand4, single)"
sn-019,snbrand2,carton,yo-029,yobrand4,single,Cross-Category Bundle,2395,"sn-019 (snbrand2, carton) + yo-029 (yobrand4, single)"
mi-023,mibrand3,carton,yo-016,yobrand3,single,Cross-Category Bundle,2389,"mi-023 (mibrand3, carton) + yo-016 (yobrand3, single)"
sn-013,snbrand3,multipack,yo-012,yobrand1,single,Cross-Category Bundle,2386,"sn-013 (snbrand3, multipack) + yo-012 (yobrand1, single)"
mi-026,mibrand4,carton,sn-019,snbrand2,carton,Cross-Category Bundle,2382,"mi-026 (mibrand4, carton) + sn-019 (snbrand2, carton)"
yo-003,yobrand1,multipack,yo-009,yobrand4,multipack,Same-Category Bundle,2380,"yo-003 (yobrand1, multipack) + yo-009 (yobrand4, multipack)"
ju-021,jubrand3,single,re-025,rebrand2,carton,Cross-Category Bundle,2376,"ju-021 (jubrand3, single) + re-025 (rebrand2, carton)"
re-004,rebrand1,single,sn-013,snbrand3,multipack,Cross-Category Bundle,2354,"re-004 (rebrand1, single) + sn-013 (snbrand3, multipack)"
yo-012,yobrand1,single,yo-020,yobrand3,single,Same-Category Bundle,2340,"yo-012 (yobrand1, single) + yo-020 (yobrand3, single)"
re-015,rebrand4,multipack,sn-010,snbrand2,carton,Cross-Category Bundle,2339,"re-015 (rebrand4, multipack) + sn-010 (snbrand2, carton)"
mi-023,mibrand3,carton,sn-010,snbrand2,carton,Cross-Category Bundle,2334,"mi-023 (mibrand3, carton) + sn-010 (snbrand2, carton)"
sn-019,snbrand2,carton,yo-014,yobrand4,carton,Cross-Category Bundle,2333,"sn-019 (snbrand2, carton) + yo-014 (yobrand4, carton)"
ju-021,jubrand3,single,yo-016,yobrand3,single,Cross-Category Bundle,2332,"ju-021 (jubrand3, single) + yo-016 (yobrand3, single)"
sn-013,snbrand3,multipack,yo-014,yobrand4,carton,Cross-Category Bundle,2329,"sn-013 (snbrand3, multipack) + yo-014 (yobrand4, carton)"
re-015,rebrand4,multipack,re-017,rebrand2,multipack,Same-Category Bundle,2326,"re-015 (rebrand4, multipack) + re-017 (rebrand2, multipack)"
yo-014,yobrand4,carton,yo-020,yobrand3,single,Same-Category Bundle,2324,"yo-014 (yobrand4, carton) + yo-020 (yobrand3, single)"
re-007,rebrand4,single,sn-010,snbrand2,carton,Cross-Category Bundle,2322,"re-007 (rebrand4, single) + sn-010 (snbrand2, carton)"
mi-006,mibrand1,multipack,sn-019,snbrand2,carton,Cross-Category Bundle,2315,"mi-006 (mibrand1, multipack) + sn-019 (snbrand2, carton)"
yo-005,yobrand2,single,yo-020,yobrand3,single,Same-Category Bundle,2315,"yo-005 (yobrand2, single) + yo-020 (yobrand3, single)"
re-015,rebrand4,multipack,yo-020,yobrand3,single,Cross-Category Bundle,2315,"re-015 (rebrand4, multipack) + yo-020 (yobrand3, single)"
re-004,rebrand1,single,yo-020,yobrand3,single,Cross-Category Bundle,2312,"re-004 (rebrand1, single) + yo-020 (yobrand3, single)"
re-015,rebrand4,multipack,sn-013,snbrand3,multipack,Cross-Category Bundle,2300,"re-015 (rebrand4, multipack) + sn-013 (snbrand3, multipack)"
re-007,rebrand4,single,sn-013,snbrand3,multipack,Cross-Category Bundle,2298,"re-007 (rebrand4, single) + sn-013 (snbrand3, multipack)"
mi-002,mibrand2,carton,mi-006,mibrand1,multipack,Same-Category Bundle,2280,"mi-002 (mibrand2, carton) + mi-006 (mibrand1, multipack)"
ju-021,jubrand3,single,sn-010,snbrand2,carton,Cross-Category Bundle,2275,"ju-021 (jubrand3, single) + sn-010 (snbrand2, carton)"
re-004,rebrand1,single,sn-019,snbrand2,carton,Cross-Category Bundle,2275,"re-004 (rebrand1, single) + sn-019 (snbrand2, carton)"
yo-001,yobrand3,single,yo-020,yobrand3,single,Same-Category Bundle,2258,"yo-001 (yobrand3, single) + yo-020 (yobrand3, single)"
re-017,rebrand2,multipack,yo-009,yobrand4,multipack,Cross-Category Bundle,2252,"re-017 (rebrand2, multipack) + yo-009 (yobrand4, multipack)"
yo-009,yobrand4,multipack,yo-016,yobrand3,single,Same-Category Bundle,2252,"yo-009 (yobrand4, multipack) + yo-016 (yobrand3, single)"
mi-002,mibrand2,carton,mi-026,mibrand4,carton,Same-Category Bundle,2250,"mi-002 (mibrand2, carton) + mi-026 (mibrand4, carton)"
mi-022,mibrand3,carton,yo-003,yobrand1,multipack,Cross-Category Bundle,2248,"mi-022 (mibrand3, carton) + yo-003 (yobrand1, multipack)"
re-025,rebrand2,carton,sn-027,snbrand2,single,Cross-Category Bundle,2247,"re-025 (rebrand2, carton) + sn-027 (snbrand2, single)"
mi-023,mibrand3,carton,re-017,rebrand2,multipack,Cross-Category Bundle,2247,"mi-023 (mibrand3, carton) + re-017 (rebrand2, multipack)"
re-007,rebrand4,single,sn-019,snbrand2,carton,Cross-Category Bundle,2246,"re-007 (rebrand4, single) + sn-019 (snbrand2, carton)"
mi-022,mibrand3,carton,sn-027,snbrand2,single,Cross-Category Bundle,2246,"mi-022 (mibrand3, carton) + sn-027 (snbrand2, single)"
sn-019,snbrand2,carton,yo-012,yobrand1,single,Cross-Category Bundle,2245,"sn-019 (snbrand2, carton) + yo-012 (yobrand1, single)"
mi-002,mibrand2,carton,re-007,rebrand4,single,Cross-Category Bundle,2217,"mi-002 (mibrand2, carton) + re-007 (rebrand4, single)"
re-025,rebrand2,carton,yo-009,yobrand4,multipack,Cross-Category Bundle,2212,"re-025 (rebrand2, carton) + yo-009 (yobrand4, multipack)"
sn-027,snbrand2,single,yo-003,yobrand1,multipack,Cross-Category Bundle,2210,"sn-027 (snbrand2, single) + yo-003 (yobrand1, multipack)"
mi-023,mibrand3,carton,sn-013,snbrand3,multipack,Cross-Category Bundle,2209,"mi-023 (mibrand3, carton) + sn-013 (snbrand3, multipack)"
mi-026,mibrand4,carton,sn-028,snbrand2,carton,Cross-Category Bundle,2207,"mi-026 (mibrand4, carton) + sn-028 (snbrand2, carton)"
mi-008,mibrand3,carton,mi-026,mibrand4,carton,Same-Category Bundle,2206,"mi-008 (mibrand3, carton) + mi-026 (mibrand4, carton)"
ju-021,jubrand3,single,sn-013,snbrand3,multipack,Cross-Category Bundle,2194,"ju-021 (jubrand3, single) + sn-013 (snbrand3, multipack)"
mi-006,mibrand1,multipack,mi-011,mibrand1,carton,Same-Category Bundle,2193,"mi-006 (mibrand1, multipack) + mi-011 (mibrand1, carton)"
mi-002,mibrand2,carton,yo-029,yobrand4,single,Cross-Category Bundle,2191,"mi-002 (mibrand2, carton) + yo-029 (yobrand4, single)"
mi-006,mibrand1,multipack,yo-024,yobrand2,single,Cross-Category Bundle,2190,"mi-006 (mibrand1, multipack) + yo-024 (yobrand2, single)"
mi-011,mibrand1,carton,mi-026,mibrand4,carton,Same-Category Bundle,2187,"mi-011 (mibrand1, carton) + mi-026 (mibrand4, carton)"
yo-024,yobrand2,single,yo-029,yobrand4,single,Same-Category Bundle,2187,"yo-024 (yobrand2, single) + yo-029 (yobrand4, single)"
mi-002,mibrand2,carton,re-004,rebrand1,single,Cross-Category Bundle,2185,"mi-002 (mibrand2, carton) + re-004 (rebrand1, single)"
re-007,rebrand4,single,yo-020,yobrand3,single,Cross-Category Bundle,2171,"re-007 (rebrand4, single) + yo-020 (yobrand3, single)"
mi-008,mibrand3,carton,yo-029,yobrand4,single,Cross-Category Bundle,2166,"mi-008 (mibrand3, carton) + yo-029 (yobrand4, single)"
ju-021,jubrand3,single,re-017,rebrand2,multipack,Cross-Category Bundle,2166,"ju-021 (jubrand3, single) + re-017 (rebrand2, multipack)"
mi-023,mibrand3,carton,yo-020,yobrand3,single,Cross-Category Bundle,2144,"mi-023 (mibrand3, carton) + yo-020 (yobrand3, single)"
mi-002,mibrand2,carton,yo-014,yobrand4,carton,Cross-Category Bundle,2141,"mi-002 (mibrand2, carton) + yo-014 (yobrand4, carton)"
sn-027,snbrand2,single,yo-016,yobrand3,single,Cross-Category Bundle,2137,"sn-027 (snbrand2, single) + yo-016 (yobrand3, single)"
mi-011,mibrand1,carton,yo-029,yobrand4,single,Cross-Category Bundle,2135,"mi-011 (mibrand1, carton) + yo-029 (yobrand4, single)"
mi-006,mibrand1,multipack,mi-008,mibrand3,carton,Same-Category Bundle,2134,"mi-006 (mibrand1, multipack) + mi-008 (mibrand3, carton)"
re-015,rebrand4,multipack,sn-019,snbrand2,carton,Cross-Category Bundle,2134,"re-015 (rebrand4, multipack) + sn-019 (snbrand2, carton)"
mi-026,mibrand4,carton,yo-024,yobrand2,single,Cross-Category Bundle,2134,"mi-026 (mibrand4, carton) + yo-024 (yobrand2, single)"
mi-022,mibrand3,carton,re-025,rebrand2,carton,Cross-Category Bundle,2131,"mi-022 (mibrand3, carton) + re-025 (rebrand2, carton)"
ju-021,jubrand3,single,yo-020,yobrand3,single,Cross-Category Bundle,2125,"ju-021 (jubrand3, single) + yo-020 (yobrand3, single)"
sn-028,snbrand2,carton,yo-029,yobrand4,single,Cross-Category Bundle,2125,"sn-028 (snbrand2, carton) + yo-029 (yobrand4, single)"
mi-026,mibrand4,carton,yo-018,yobrand2,carton,Cross-Category Bundle,2122,"mi-026 (mibrand4, carton) + yo-018 (yobrand2, carton)"
mi-002,mibrand2,carton,yo-012,yobrand1,single,Cross-Category Bundle,2120,"mi-002 (mibrand2, carton) + yo-012 (yobrand1, single)"
re-017,rebrand2,multipack,sn-027,snbrand2,single,Cross-Category Bundle,2115,"re-017 (rebrand2, multipack) + sn-027 (snbrand2, single)"
mi-008,mibrand3,carton,re-004,rebrand1,single,Cross-Category Bundle,2111,"mi-008 (mibrand3, carton) + re-004 (rebrand1, single)"
sn-010,snbrand2,carton,yo-009,yobrand4,multipack,Cross-Category Bundle,2111,"sn-010 (snbrand2, carton) + yo-009 (yobrand4, multipack)"
mi-006,mibrand1,multipack,sn-028,snbrand2,carton,Cross-Category Bundle,2107,"mi-006 (mibrand1, multipack) + sn-028 (snbrand2, carton)"
sn-030,snbrand2,single,yo-029,yobrand4,single,Cross-Category Bundle,2095,"sn-030 (snbrand2, single) + yo-029 (yobrand4, single)"
yo-014,yobrand4,carton,yo-024,yobrand2,single,Same-Category Bundle,2093,"yo-014 (yobrand4, carton) + yo-024 (yobrand2, single)"
mi-002,mibrand2,carton,re-015,rebrand4,multipack,Cross-Category Bundle,2091,"mi-002 (mibrand2, carton) + re-015 (rebrand4, multipack)"
ju-021,jubrand3,single,sn-019,snbrand2,carton,Cross-Category Bundle,2090,"ju-021 (jubrand3, single) + sn-019 (snbrand2, carton)"
mi-023,mibrand3,carton,sn-019,snbrand2,carton,Cross-Category Bundle,2086,"mi-023 (mibrand3, carton) + sn-019 (snbrand2, carton)"
sn-013,snbrand3,multipack,yo-009,yobrand4,multipack,Cross-Category Bundle,2085,"sn-013 (snbrand3, multipack) + yo-009 (yobrand4, multipack)"
yo-005,yobrand2,single,yo-024,yobrand2,single,Same-Category Bundle,2079,"yo-005 (yobrand2, single) + yo-024 (yobrand2, single)"
sn-028,snbrand2,carton,yo-005,yobrand2,single,Cross-Category Bundle,2076,"sn-028 (snbrand2, carton) + yo-005 (yobrand2, single)"
sn-010,snbrand2,carton,sn-027,snbrand2,single,Same-Category Bundle,2074,"sn-010 (snbrand2, carton) + sn-027 (snbrand2, single)"
re-004,rebrand1,single,sn-028,snbrand2,carton,Cross-Category Bundle,2074,"re-004 (rebrand1, single) + sn-028 (snbrand2, carton)"
mi-022,mibrand3,carton,sn-010,snbrand2,carton,Cross-Category Bundle,2072,"mi-022 (mibrand3, carton) + sn-010 (snbrand2, carton)"
yo-003,yobrand1,multipack,yo-016,yobrand3,single,Same-Category Bundle,2071,"yo-003 (yobrand1, multipack) + yo-016 (yobrand3, single)"
sn-010,snbrand2,carton,yo-003,yobrand1,multipack,Cross-Category Bundle,2064,"sn-010 (snbrand2, carton) + yo-003 (yobrand1, multipack)"
mi-006,mibrand1,multipack,yo-018,yobrand2,carton,Cross-Category Bundle,2063,"mi-006 (mibrand1, multipack) + yo-018 (yobrand2, carton)"
mi-006,mibrand1,multipack,sn-030,snbrand2,single,Cross-Category Bundle,2062,"mi-006 (mibrand1, multipack) + sn-030 (snbrand2, single)"
mi-011,mibrand1,carton,yo-014,yobrand4,carton,Cross-Category Bundle,2057,"mi-011 (mibrand1, carton) + yo-014 (yobrand4, carton)"
sn-028,snbrand2,carton,yo-012,yobrand1,single,Cross-Category Bundle,2053,"sn-028 (snbrand2, carton) + yo-012 (yobrand1, single)"
yo-012,yobrand1,single,yo-024,yobrand2,single,Same-Category Bundle,2052,"yo-012 (yobrand1, single) + yo-024 (yobrand2, single)"
mi-011,mibrand1,carton,re-007,rebrand4,single,Cross-Category Bundle,2050,"mi-011 (mibrand1, carton) + re-007 (rebrand4, single)"
yo-009,yobrand4,multipack,yo-020,yobrand3,single,Same-Category Bundle,2046,"yo-009 (yobrand4, multipack) + yo-020 (yobrand3, single)"
mi-022,mibrand3,carton,yo-016,yobrand3,single,Cross-Category Bundle,2045,"mi-022 (mibrand3, carton) + yo-016 (yobrand3, single)"
mi-011,mibrand1,carton,re-004,rebrand1,single,Cross-Category Bundle,2043,"mi-011 (mibrand1, carton) + re-004 (rebrand1, single)"
re-004,rebrand1,single,yo-024,yobrand2,single,Cross-Category Bundle,2041,"re-004 (rebrand1, single) + yo-024 (yobrand2, single)"
re-025,rebrand2,carton,yo-003,yobrand1,multipack,Cross-Category Bundle,2038,"re-025 (rebrand2, carton) + yo-003 (yobrand1, multipack)"
yo-012,yobrand1,single,yo-018,yobrand2,carton,Same-Category Bundle,2036,"yo-012 (yobrand1, single) + yo-018 (yobrand2, carton)"
yo-001,yobrand3,single,yo-024,yobrand2,single,Same-Category Bundle,2034,"yo-001 (yobrand3, single) + yo-024 (yobrand2, single)"
mi-022,mibrand3,carton,re-017,rebrand2,multipack,Cross-Category Bundle,2033,"mi-022 (mibrand3, carton) + re-017 (rebrand2, multipack)"
sn-028,snbrand2,carton,yo-014,yobrand4,carton,Cross-Category Bundle,2022,"sn-028 (snbrand2, carton) + yo-014 (yobrand4, carton)"
yo-005,yobrand2,single,yo-018,yobrand2,carton,Same-Category Bundle,2015,"yo-005 (yobrand2, single) + yo-018 (yobrand2, carton)"
yo-018,yobrand2,carton,yo-029,yobrand4,single,Same-Category Bundle,2012,"yo-018 (yobrand2, carton) + yo-029 (yobrand4, single)"
mi-008,mibrand3,carton,yo-014,yobrand4,carton,Cross-Category Bundle,2010,"mi-008 (mibrand3, carton) + yo-014 (yobrand4, carton)"
sn-028,snbrand2,carton,yo-001,yobrand3,single,Cross-Category Bundle,2008,"sn-028 (snbrand2, carton) + yo-001 (yobrand3, single)"
re-025,rebrand2,carton,yo-016,yobrand3,single,Cross-Category Bundle,2004,"re-025 (rebrand2, carton) + yo-016 (yobrand3, single)"
mi-026,mibrand4,carton,sn-030,snbrand2,single,Cross-Category Bundle,2003,"mi-026 (mibrand4, carton) + sn-030 (snbrand2, single)"
re-015,rebrand4,multipack,yo-024,yobrand2,single,Cross-Category Bundle,2002,"re-015 (rebrand4, multipack) + yo-024 (yobrand2, single)"
mi-011,mibrand1,carton,re-015,rebrand4,multipack,Cross-Category Bundle,2001,"mi-011 (mibrand1, carton) + re-015 (rebrand4, multipack)"
yo-014,yobrand4,carton,yo-018,yobrand2,carton,Same-Category Bundle,1995,"yo-014 (yobrand4, carton) + yo-018 (yobrand2, carton)"
mi-002,mibrand2,carton,mi-023,mibrand3,carton,Same-Category Bundle,1995,"mi-002 (mibrand2, carton) + mi-023 (mibrand3, carton)"
yo-003,yobrand1,multipack,yo-020,yobrand3,single,Same-Category Bundle,1994,"yo-003 (yobrand1, multipack) + yo-020 (yobrand3, single)"
mi-008,mibrand3,carton,yo-012,yobrand1,single,Cross-Category Bundle,1990,"mi-008 (mibrand3, carton) + yo-012 (yobrand1, single)"
sn-010,snbrand2,carton,yo-016,yobrand3,single,Cross-Category Bundle,1988,"sn-010 (snbrand2, carton) + yo-016 (yobrand3, single)"
re-025,rebrand2,carton,sn-010,snbrand2,carton,Cross-Category Bundle,1988,"re-025 (rebrand2, carton) + sn-010 (snbrand2, carton)"
sn-019,snbrand2,carton,yo-009,yobrand4,multipack,Cross-Category Bundle,1987,"sn-019 (snbrand2, carton) + yo-009 (yobrand4, multipack)"
sn-027,snbrand2,single,yo-020,yobrand3,single,Cross-Category Bundle,1984,"sn-027 (snbrand2, single) + yo-020 (yobrand3, single)"
mi-008,mibrand3,carton,re-015,rebrand4,multipack,Cross-Category Bundle,1976,"mi-008 (mibrand3, carton) + re-015 (rebrand4, multipack)"
mi-022,mibrand3,carton,yo-020,yobrand3,single,Cross-Category Bundle,1973,"mi-022 (mibrand3, carton) + yo-020 (yobrand3, single)"
re-017,rebrand2,multipack,yo-016,yobrand3,single,Cross-Category Bundle,1971,"re-017 (rebrand2, multipack) + yo-016 (yobrand3, single)"
ju-021,jubrand3,single,mi-002,mibrand2,carton,Cross-Category Bundle,1969,"ju-021 (jubrand3, single) + mi-002 (mibrand2, carton)"
mi-023,mibrand3,carton,yo-024,yobrand2,single,Cross-Category Bundle,1962,"mi-023 (mibrand3, carton) + yo-024 (yobrand2, single)"
re-004,rebrand1,single,yo-018,yobrand2,carton,Cross-Category Bundle,1958,"re-004 (rebrand1, single) + yo-018 (yobrand2, carton)"
mi-011,mibrand1,carton,yo-012,yobrand1,single,Cross-Category Bundle,1958,"mi-011 (mibrand1, carton) + yo-012 (yobrand1, single)"
re-004,rebrand1,single,sn-030,snbrand2,single,Cross-Category Bundle,1956,"re-004 (rebrand1, single) + sn-030 (snbrand2, single)"
yo-001,yobrand3,single,yo-018,yobrand2,carton,Same-Category Bundle,1953,"yo-001 (yobrand3, single) + yo-018 (yobrand2, carton)"
ju-021,jubrand3,single,mi-011,mibrand1,carton,Cross-Category Bundle,1948,"ju-021 (jubrand3, single) + mi-011 (mibrand1, carton)"
re-015,rebrand4,multipack,sn-028,snbrand2,carton,Cross-Category Bundle,1943,"re-015 (rebrand4, multipack) + sn-028 (snbrand2, carton)"
sn-013,snbrand3,multipack,sn-027,snbrand2,single,Same-Category Bundle,1941,"sn-013 (snbrand3, multipack) + sn-027 (snbrand2, single)"
re-007,rebrand4,single,yo-018,yobrand2,carton,Cross-Category Bundle,1937,"re-007 (rebrand4, single) + yo-018 (yobrand2, carton)"
re-017,rebrand2,multipack,re-025,rebrand2,carton,Same-Category Bundle,1935,"re-017 (rebrand2, multipack) + re-025 (rebrand2, carton)"
re-007,rebrand4,single,sn-030,snbrand2,single,Cross-Category Bundle,1933,"re-007 (rebrand4, single) + sn-030 (snbrand2, single)"
mi-008,mibrand3,carton,re-007,rebrand4,single,Cross-Category Bundle,1928,"mi-008 (mibrand3, carton) + re-007 (rebrand4, single)"
sn-030,snbrand2,single,yo-012,yobrand1,single,Cross-Category Bundle,1926,"sn-030 (snbrand2, single) + yo-012 (yobrand1, single)"
re-007,rebrand4,single,yo-024,yobrand2,single,Cross-Category Bundle,1917,"re-007 (rebrand4, single) + yo-024 (yobrand2, single)"
mi-002,mibrand2,carton,yo-009,yobrand4,multipack,Cross-Category Bundle,1909,"mi-002 (mibrand2, carton) + yo-009 (yobrand4, multipack)"
mi-022,mibrand3,carton,sn-013,snbrand3,multipack,Cross-Category Bundle,1906,"mi-022 (mibrand3, carton) + sn-013 (snbrand3, multipack)"
mi-023,mibrand3,carton,sn-028,snbrand2,carton,Cross-Category Bundle,1903,"mi-023 (mibrand3, carton) + sn-028 (snbrand2, carton)"
re-007,rebrand4,single,sn-028,snbrand2,carton,Cross-Category Bundle,1903,"re-007 (rebrand4, single) + sn-028 (snbrand2, carton)"
re-015,rebrand4,multipack,yo-018,yobrand2,carton,Cross-Category Bundle,1900,"re-015 (rebrand4, multipack) + yo-018 (yobrand2, carton)"
ju-021,jubrand3,single,yo-024,yobrand2,single,Cross-Category Bundle,1889,"ju-021 (jubrand3, single) + yo-024 (yobrand2, single)"
mi-011,mibrand1,carton,mi-023,mibrand3,carton,Same-Category Bundle,1885,"mi-011 (mibrand1, carton) + mi-023 (mibrand3, carton)"
re-025,rebrand2,carton,yo-020,yobrand3,single,Cross-Category Bundle,1885,"re-025 (rebrand2, carton) + yo-020 (yobrand3, single)"
re-025,rebrand2,carton,sn-013,snbrand3,multipack,Cross-Category Bundle,1885,"re-025 (rebrand2, carton) + sn-013 (snbrand3, multipack)"
mi-008,mibrand3,carton,mi-023,mibrand3,carton,Same-Category Bundle,1884,"mi-008 (mibrand3, carton) + mi-023 (mibrand3, carton)"
sn-030,snbrand2,single,yo-014,yobrand4,carton,Cross-Category Bundle,1880,"sn-030 (snbrand2, single) + yo-014 (yobrand4, carton)"
yo-016,yobrand3,single,yo-020,yobrand3,single,Same-Category Bundle,1876,"yo-016 (yobrand3, single) + yo-020 (yobrand3, single)"
ju-021,jubrand3,single,yo-018,yobrand2,carton,Cross-Category Bundle,1872,"ju-021 (jubrand3, single) + yo-018 (yobrand2, carton)"
mi-008,mibrand3,carton,yo-009,yobrand4,multipack,Cross-Category Bundle,1870,"mi-008 (mibrand3, carton) + yo-009 (yobrand4, multipack)"
mi-011,mibrand1,carton,yo-009,yobrand4,multipack,Cross-Category Bundle,1862,"mi-011 (mibrand1, carton) + yo-009 (yobrand4, multipack)"
re-015,rebrand4,multipack,sn-030,snbrand2,single,Cross-Category Bundle,1849,"re-015 (rebrand4, multipack) + sn-030 (snbrand2, single)"
sn-019,snbrand2,carton,sn-027,snbrand2,single,Same-Category Bundle,1848,"sn-019 (snbrand2, carton) + sn-027 (snbrand2, single)"
ju-021,jubrand3,single,mi-008,mibrand3,carton,Cross-Category Bundle,1839,"ju-021 (jubrand3, single) + mi-008 (mibrand3, carton)"
mi-022,mibrand3,carton,sn-019,snbrand2,carton,Cross-Category Bundle,1837,"mi-022 (mibrand3, carton) + sn-019 (snbrand2, carton)"
sn-013,snbrand3,multipack,yo-016,yobrand3,single,Cross-Category Bundle,1836,"sn-013 (snbrand3, multipack) + yo-016 (yobrand3, single)"
sn-010,snbrand2,carton,sn-013,snbrand3,multipack,Same-Category Bundle,1820,"sn-010 (snbrand2, carton) + sn-013 (snbrand3, multipack)"
sn-028,snbrand2,carton,yo-009,yobrand4,multipack,Cross-Category Bundle,1814,"sn-028 (snbrand2, carton) + yo-009 (yobrand4, multipack)"
mi-023,mibrand3,carton,yo-018,yobrand2,carton,Cross-Category Bundle,1803,"mi-023 (mibrand3, carton) + yo-018 (yobrand2, carton)"
mi-002,mibrand2,carton,sn-027,snbrand2,single,Cross-Category Bundle,1799,"mi-002 (mibrand2, carton) + sn-027 (snbrand2, single)"
mi-023,mibrand3,carton,sn-030,snbrand2,single,Cross-Category Bundle,1796,"mi-023 (mibrand3, carton) + sn-030 (snbrand2, single)"
ju-021,jubrand3,single,sn-028,snbrand2,carton,Cross-Category Bundle,1794,"ju-021 (jubrand3, single) + sn-028 (snbrand2, carton)"
yo-009,yobrand4,multipack,yo-024,yobrand2,single,Same-Category Bundle,1793,"yo-009 (yobrand4, multipack) + yo-024 (yobrand2, single)"
re-017,rebrand2,multipack,sn-010,snbrand2,carton,Cross-Category Bundle,1789,"re-017 (rebrand2, multipack) + sn-010 (snbrand2, carton)"
yo-009,yobrand4,multipack,yo-018,yobrand2,carton,Same-Category Bundle,1785,"yo-009 (yobrand4, multipack) + yo-018 (yobrand2, carton)"
sn-010,snbrand2,carton,yo-020,yobrand3,single,Cross-Category Bundle,1781,"sn-010 (snbrand2, carton) + yo-020 (yobrand3, single)"
ju-021,jubrand3,single,sn-030,snbrand2,single,Cross-Category Bundle,1769,"ju-021 (jubrand3, single) + sn-030 (snbrand2, single)"
sn-027,snbrand2,single,yo-024,yobrand2,single,Cross-Category Bundle,1767,"sn-027 (snbrand2, single) + yo-024 (yobrand2, single)"
yo-003,yobrand1,multipack,yo-024,yobrand2,single,Same-Category Bundle,1760,"yo-003 (yobrand1, multipack) + yo-024 (yobrand2, single)"
sn-027,snbrand2,single,sn-028,snbrand2,carton,Same-Category Bundle,1758,"sn-027 (snbrand2, single) + sn-028 (snbrand2, carton)"
mi-002,mibrand2,carton,mi-022,mibrand3,carton,Same-Category Bundle,1754,"mi-002 (mibrand2, carton) + mi-022 (mibrand3, carton)"
sn-019,snbrand2,carton,yo-016,yobrand3,single,Cross-Category Bundle,1742,"sn-019 (snbrand2, carton) + yo-016 (yobrand3, single)"
sn-030,snbrand2,single,yo-009,yobrand4,multipack,Cross-Category Bundle,1741,"sn-030 (snbrand2, single) + yo-009 (yobrand4, multipack)"
sn-013,snbrand3,multipack,yo-020,yobrand3,single,Cross-Category Bundle,1731,"sn-013 (snbrand3, multipack) + yo-020 (yobrand3, single)"
mi-022,mibrand3,carton,sn-028,snbrand2,carton,Cross-Category Bundle,1726,"mi-022 (mibrand3, carton) + sn-028 (snbrand2, carton)"
re-017,rebrand2,multipack,yo-020,yobrand3,single,Cross-Category Bundle,1724,"re-017 (rebrand2, multipack) + yo-020 (yobrand3, single)"
re-025,rebrand2,carton,sn-019,snbrand2,carton,Cross-Category Bundle,1723,"re-025 (rebrand2, carton) + sn-019 (snbrand2, carton)"
mi-008,mibrand3,carton,sn-027,snbrand2,single,Cross-Category Bundle,1713,"mi-008 (mibrand3, carton) + sn-027 (snbrand2, single)"
sn-010,snbrand2,carton,sn-019,snbrand2,carton,Same-Category Bundle,1711,"sn-010 (snbrand2, carton) + sn-019 (snbrand2, carton)"
mi-011,mibrand1,carton,sn-027,snbrand2,single,Cross-Category Bundle,1710,"mi-011 (mibrand1, carton) + sn-027 (snbrand2, single)"
yo-016,yobrand3,single,yo-024,yobrand2,single,Same-Category Bundle,1696,"yo-016 (yobrand3, single) + yo-024 (yobrand2, single)"
mi-011,mibrand1,carton,sn-010,snbrand2,carton,Cross-Category Bundle,1683,"mi-011 (mibrand1, carton) + sn-010 (snbrand2, carton)"
mi-011,mibrand1,carton,re-025,rebrand2,carton,Cross-Category Bundle,1683,"mi-011 (mibrand1, carton) + re-025 (rebrand2, carton)"
yo-003,yobrand1,multipack,yo-018,yobrand2,carton,Same-Category Bundle,1680,"yo-003 (yobrand1, multipack) + yo-018 (yobrand2, carton)"
sn-027,snbrand2,single,yo-018,yobrand2,carton,Cross-Category Bundle,1678,"sn-027 (snbrand2, single) + yo-018 (yobrand2, carton)"
re-025,rebrand2,carton,sn-028,snbrand2,carton,Cross-Category Bundle,1676,"re-025 (rebrand2, carton) + sn-028 (snbrand2, carton)"
sn-027,snbrand2,single,sn-030,snbrand2,single,Same-Category Bundle,1674,"sn-027 (snbrand2, single) + sn-030 (snbrand2, single)"
mi-008,mibrand3,carton,mi-022,mibrand3,carton,Same-Category Bundle,1672,"mi-008 (mibrand3, carton) + mi-022 (mibrand3, carton)"
mi-011,mibrand1,carton,mi-022,mibrand3,carton,Same-Category Bundle,1671,"mi-011 (mibrand1, carton) + mi-022 (mibrand3, carton)"
mi-002,mibrand2,carton,yo-016,yobrand3,single,Cross-Category Bundle,1669,"mi-002 (mibrand2, carton) + yo-016 (yobrand3, single)"
mi-002,mibrand2,carton,re-025,rebrand2,carton,Cross-Category Bundle,1665,"mi-002 (mibrand2, carton) + re-025 (rebrand2, carton)"
sn-028,snbrand2,carton,yo-003,yobrand1,multipack,Cross-Category Bundle,1661,"sn-028 (snbrand2, carton) + yo-003 (yobrand1, multipack)"
mi-022,mibrand3,carton,yo-024,yobrand2,single,Cross-Category Bundle,1659,"mi-022 (mibrand3, carton) + yo-024 (yobrand2, single)"
sn-019,snbrand2,carton,yo-020,yobrand3,single,Cross-Category Bundle,1658,"sn-019 (snbrand2, carton) + yo-020 (yobrand3, single)"
mi-022,mibrand3,carton,yo-018,yobrand2,carton,Cross-Category Bundle,1650,"mi-022 (mibrand3, carton) + yo-018 (yobrand2, carton)"
re-025,rebrand2,carton,yo-024,yobrand2,single,Cross-Category Bundle,1647,"re-025 (rebrand2, carton) + yo-024 (yobrand2, single)"
mi-008,mibrand3,carton,re-025,rebrand2,carton,Cross-Category Bundle,1629,"mi-008 (mibrand3, carton) + re-025 (rebrand2, carton)"
sn-028,snbrand2,carton,yo-016,yobrand3,single,Cross-Category Bundle,1625,"sn-028 (snbrand2, carton) + yo-016 (yobrand3, single)"
mi-011,mibrand1,carton,yo-016,yobrand3,single,Cross-Category Bundle,1619,"mi-011 (mibrand1, carton) + yo-016 (yobrand3, single)"
re-017,rebrand2,multipack,sn-028,snbrand2,carton,Cross-Category Bundle,1615,"re-017 (rebrand2, multipack) + sn-028 (snbrand2, carton)"
mi-002,mibrand2,carton,sn-010,snbrand2,carton,Cross-Category Bundle,1606,"mi-002 (mibrand2, carton) + sn-010 (snbrand2, carton)"
mi-022,mibrand3,carton,sn-030,snbrand2,single,Cross-Category Bundle,1598,"mi-022 (mibrand3, carton) + sn-030 (snbrand2, single)"
re-017,rebrand2,multipack,yo-024,yobrand2,single,Cross-Category Bundle,1590,"re-017 (rebrand2, multipack) + yo-024 (yobrand2, single)"
mi-008,mibrand3,carton,sn-010,snbrand2,carton,Cross-Category Bundle,1575,"mi-008 (mibrand3, carton) + sn-010 (snbrand2, carton)"
mi-002,mibrand2,carton,yo-020,yobrand3,single,Cross-Category Bundle,1572,"mi-002 (mibrand2, carton) + yo-020 (yobrand3, single)"
sn-030,snbrand2,single,yo-016,yobrand3,single,Cross-Category Bundle,1570,"sn-030 (snbrand2, single) + yo-016 (yobrand3, single)"
sn-010,snbrand2,carton,sn-028,snbrand2,carton,Same-Category Bundle,1567,"sn-010 (snbrand2, carton) + sn-028 (snbrand2, carton)"
re-025,rebrand2,carton,yo-018,yobrand2,carton,Cross-Category Bundle,1544,"re-025 (rebrand2, carton) + yo-018 (yobrand2, carton)"
yo-016,yobrand3,single,yo-018,yobrand2,carton,Same-Category Bundle,1533,"yo-016 (yobrand3, single) + yo-018 (yobrand2, carton)"
sn-010,snbrand2,carton,yo-024,yobrand2,single,Cross-Category Bundle,1530,"sn-010 (snbrand2, carton) + yo-024 (yobrand2, single)"
yo-020,yobrand3,single,yo-024,yobrand2,single,Same-Category Bundle,1526,"yo-020 (yobrand3, single) + yo-024 (yobrand2, single)"
mi-008,mibrand3,carton,yo-016,yobrand3,single,Cross-Category Bundle,1510,"mi-008 (mibrand3, carton) + yo-016 (yobrand3, single)"
re-025,rebrand2,carton,sn-030,snbrand2,single,Cross-Category Bundle,1508,"re-025 (rebrand2, carton) + sn-030 (snbrand2, single)"
sn-010,snbrand2,carton,yo-018,yobrand2,carton,Cross-Category Bundle,1501,"sn-010 (snbrand2, carton) + yo-018 (yobrand2, carton)"
sn-013,snbrand3,multipack,sn-028,snbrand2,carton,Same-Category Bundle,1501,"sn-013 (snbrand3, multipack) + sn-028 (snbrand2, carton)"
sn-019,snbrand2,carton,yo-024,yobrand2,single,Cross-Category Bundle,1476,"sn-019 (snbrand2, carton) + yo-024 (yobrand2, single)"
mi-008,mibrand3,carton,yo-020,yobrand3,single,Cross-Category Bundle,1469,"mi-008 (mibrand3, carton) + yo-020 (yobrand3, single)"
sn-010,snbrand2,carton,sn-030,snbrand2,single,Same-Category Bundle,1466,"sn-010 (snbrand2, carton) + sn-030 (snbrand2, single)"
mi-011,mibrand1,carton,yo-020,yobrand3,single,Cross-Category Bundle,1464,"mi-011 (mibrand1, carton) + yo-020 (yobrand3, single)"
re-017,rebrand2,multipack,yo-018,yobrand2,carton,Cross-Category Bundle,1455,"re-017 (rebrand2, multipack) + yo-018 (yobrand2, carton)"
sn-013,snbrand3,multipack,yo-024,yobrand2,single,Cross-Category Bundle,1454,"sn-013 (snbrand3, multipack) + yo-024 (yobrand2, single)"
sn-013,snbrand3,multipack,yo-018,yobrand2,carton,Cross-Category Bundle,1449,"sn-013 (snbrand3, multipack) + yo-018 (yobrand2, carton)"
yo-018,yobrand2,carton,yo-020,yobrand3,single,Same-Category Bundle,1443,"yo-018 (yobrand2, carton) + yo-020 (yobrand3, single)"
sn-030,snbrand2,single,yo-020,yobrand3,single,Cross-Category Bundle,1440,"sn-030 (snbrand2, single) + yo-020 (yobrand3, single)"
sn-028,snbrand2,carton,yo-020,yobrand3,single,Cross-Category Bundle,1430,"sn-028 (snbrand2, carton) + yo-020 (yobrand3, single)"
mi-011,mibrand1,carton,yo-024,yobrand2,single,Cross-Category Bundle,1384,"mi-011 (mibrand1, carton) + yo-024 (yobrand2, single)"
mi-002,mibrand2,carton,yo-024,yobrand2,single,Cross-Category Bundle,1380,"mi-002 (mibrand2, carton) + yo-024 (yobrand2, single)"
sn-019,snbrand2,carton,sn-028,snbrand2,carton,Same-Category Bundle,1375,"sn-019 (snbrand2, carton) + sn-028 (snbrand2, carton)"
mi-008,mibrand3,carton,yo-024,yobrand2,single,Cross-Category Bundle,1361,"mi-008 (mibrand3, carton) + yo-024 (yobrand2, single)"
sn-019,snbrand2,carton,yo-018,yobrand2,carton,Cross-Category Bundle,1352,"sn-019 (snbrand2, carton) + yo-018 (yobrand2, carton)"
mi-002,mibrand2,carton,yo-018,yobrand2,carton,Cross-Category Bundle,1345,"mi-002 (mibrand2, carton) + yo-018 (yobrand2, carton)"
mi-002,mibrand2,carton,sn-028,snbrand2,carton,Cross-Category Bundle,1343,"mi-002 (mibrand2, carton) + sn-028 (snbrand2, carton)"
mi-011,mibrand1,carton,sn-028,snbrand2,carton,Cross-Category Bundle,1332,"mi-011 (mibrand1, carton) + sn-028 (snbrand2, carton)"
sn-028,snbrand2,carton,yo-024,yobrand2,single,Cross-Category Bundle,1325,"sn-028 (snbrand2, carton) + yo-024 (yobrand2, single)"
mi-008,mibrand3,carton,sn-028,snbrand2,carton,Cross-Category Bundle,1303,"mi-008 (mibrand3, carton) + sn-028 (snbrand2, carton)"
yo-018,yobrand2,carton,yo-024,yobrand2,single,Same-Category Bundle,1292,"yo-018 (yobrand2, carton) + yo-024 (yobrand2, single)"
mi-008,mibrand3,carton,yo-018,yobrand2,carton,Cross-Category Bundle,1282,"mi-008 (mibrand3, carton) + yo-018 (yobrand2, carton)"
sn-028,snbrand2,carton,yo-018,yobrand2,carton,Cross-Category Bundle,1259,"sn-028 (snbrand2, carton) + yo-018 (yobrand2, carton)"
mi-011,mibrand1,carton,yo-018,yobrand2,carton,Cross-Category Bundle,1257,"mi-011 (mibrand1, carton) + yo-018 (yobrand2, carton)"
sn-030,snbrand2,single,yo-024,yobrand2,single,Cross-Category Bundle,1238,"sn-030 (snbrand2, single) + yo-024 (yobrand2, single)"
sn-030,snbrand2,single,yo-018,yobrand2,carton,Cross-Category Bundle,1205,"sn-030 (snbrand2, single) + yo-018 (yobrand2, carton)"
sn-028,snbrand2,carton,sn-030,snbrand2,single,Same-Category Bundle,1199,"sn-028 (snbrand2, carton) + sn-030 (snbrand2, single)"
